Local Authority / Region Code,Local Authority / Region Name,Jan23 Total Charging Devices,"Jan-23 
(per 100,000 population) ","Oct-22
(Total Charging Devices)","Oct-22
(per 100,000 population) ","July-22 
(Total Charging Devices)","July-22 
(per 100,000 population)","Apr-22 
(Total Charging Devices)","Apr-22 
(per 100,000 population)","Jan-22 
(Total Charging Devices)2","Jan-22 
(per 100,000 population)3","Oct-21 
(Total Charging Devices)","Oct-21 
(per 100,000 population)","July-21 
(Total Charging Devices)","July-21 
(per 100,000 population)","Apr-21 
(Total Charging Devices)","Apr-21 
(per 100,000 population)","Jan-21 
(Total Charging Devices)","Jan-21 
(per 100,000 population)","Oct-20 
(Total Charging Devices)","Oct-20 
(per 100,000 population)","July-20 
(Total Charging Devices)","July-20 
(per 100,000 population)","Apr-20 
(Total Charging Devices)","Apr-20 
(per 100,000 population)","Jan-20 
(Total Charging Devices)","Jan-20 
(per 100,000 population)","Oct-19 
(Total Charging Devices)","Oct-19 
(per 100,000 population)"
K02000001,United Kingdom,"37,055",55.3,"34,637",51.6,"32,011",47.7,"30,290",45.2,"28,375",42.3,"25,927",38.7,"24,374",36.3,"22,790",34.1,"20,775",31.1,"19,487",29.2,"18,265",27.3,"17,947",27,"16,505",24.8,"15,116",22.8
K03000001,Great Britian,"36,689",56.3,"34,295",52.6,"31,683",48.6,"29,942",45.9,"28,030",43,"25,595",39.3,"24,044",36.9,"22,463",34.6,"20,455",31.5,"19,169",29.5,"17,953",27.7,"17,642",27.3,"16,210",25.1,"14,821",23
E92000001,England,"31,466",55.7,"29,774",52.7,"27,502",48.6,"25,884",45.8,"24,159",42.7,"21,925",38.8,"20,563",36.4,"19,261",34.2,"17,459",31,"16,456",29.2,"15,395",27.3,"14,979",26.8,"13,719",24.5,"12,549",22.4
E12000001,North East,"1,253",47.3,"1,142",42.6,"1,155",43.1,"1,011",37.7,975,36.4,916,34.2,887,33.1,854,32,820,30.7,849,31.8,812,30.4,786,29.6,752,28.3,738,27.8
E06000047,County Durham,229,43.9,206,38.6,174,32.6,149,27.9,128,24,124,23.3,116,21.8,121,22.8,110,20.8,106,20,105,19.8,102,19.4,96,18.2,92,17.5
E06000005,Darlington,68,62.8,54,50.3,49,45.6,31,28.9,30,27.9,31,28.9,31,28.9,29,27.2,29,27.2,29,27.2,28,26.2,28,26.3,27,25.3,27,25.3
E06000001,Hartlepool,24,25.9,8,8.5,11,11.7,12,12.8,13,13.9,11,11.7,10,10.7,9,9.6,8,8.5,6,6.4,6,6.4,6,6.4,5,5.4,5,5.4
E06000002,Middlesbrough,51,35.5,33,23.4,38,26.9,34,24.1,32,22.6,30,21.2,30,21.2,30,21.3,30,21.3,29,20.6,29,20.6,29,20.6,27,19.2,25,17.8
E06000057,Northumberland,251,78.1,220,67.9,226,69.8,198,61.1,197,60.8,186,57.4,172,53.1,153,47.5,149,46.2,162,50.2,152,47.1,149,46.5,138,43.1,139,43.4
E06000003,Redcar and Cleveland,37,27.1,45,32.8,40,29.1,36,26.2,36,26.2,34,24.8,32,23.3,26,19,24,17.5,24,17.5,20,14.6,20,14.6,17,12.4,17,12.4
E06000004,Stockton-on-Tees,107,54.3,101,51.2,102,51.7,97,49.1,95,48.1,85,43.1,86,43.6,86,43.6,84,42.6,86,43.6,85,43.1,76,38.5,73,37,71,36
E11000007,Tyne and Wear (Metropolitan County),486,43.2,475,41.4,515,44.9,454,39.6,444,38.7,415,36.2,410,35.8,400,35,386,33.8,407,35.7,387,33.9,376,33.1,369,32.5,362,31.9
E08000037,Gateshead,73,37.2,70,34.7,77,38.1,76,37.6,64,31.7,66,32.7,63,31.2,61,30.2,62,30.7,70,34.6,67,33.2,66,32.6,61,30.1,60,29.6
E08000021,Newcastle upon Tyne,152,51,146,47.6,138,45,127,41.4,126,41.1,124,40.4,126,41.1,119,39.3,113,37.3,116,38.3,109,36,107,35.6,109,36.3,106,35.3
E08000022,North Tyneside,49,23.4,53,25.4,77,36.9,54,25.9,53,25.4,47,22.5,45,21.5,46,22.1,47,22.6,48,23.1,42,20.2,40,19.4,34,16.5,38,18.4
E08000023,South Tyneside,50,33.8,51,33.7,53,35.1,43,28.5,42,27.8,30,19.9,30,19.9,28,18.5,27,17.9,28,18.5,28,18.5,28,18.6,28,18.6,30,20
E08000024,Sunderland,162,59.1,155,55.8,170,61.2,154,55.4,159,57.2,148,53.3,146,52.5,146,52.6,137,49.3,145,52.2,141,50.8,135,48.7,137,49.4,128,46.1
E12000002,North West,"2,316",31.2,"2,188",29.7,"2,004",27.2,"1,883",25.6,"1,804",24.5,"1,725",23.4,"1,620",22,"1,513",20.6,"1,410",19.2,"1,403",19.1,"1,476",20.1,"1,412",19.4,"1,279",17.5,"1,204",16.5
E06000008,Blackburn with Darwen,43,27.8,46,30.7,39,26,33,22,32,21.3,31,20.7,30,20,27,18,30,20,30,20,24,16,20,13.4,18,12.1,14,9.4
E06000009,Blackpool,30,21.3,30,21.7,24,17.3,23,16.6,22,15.9,24,17.3,22,15.9,22,15.8,20,14.3,19,13.6,17,12.2,15,10.8,15,10.8,13,9.3
E06000049,Cheshire East,147,36.7,140,36.2,129,33.4,129,33.4,122,31.6,112,29,102,26.4,87,22.6,75,19.5,74,19.3,71,18.5,69,18.1,65,17.1,59,15.5
E06000050,Cheshire West and Chester,114,31.9,116,33.7,105,30.5,103,30,101,29.4,99,28.8,83,24.1,69,20.1,57,16.6,55,16,49,14.3,48,14.1,40,11.7,40,11.7
E06000006,Halton,49,38.1,51,39.3,38,29.3,37,28.5,17,13.1,17,13.1,17,13.1,12,9.3,12,9.3,12,9.3,14,10.8,11,8.6,10,7.8,8,6.2
E06000007,Warrington,114,54,111,53,101,48.2,99,47.3,89,42.5,89,42.5,88,42,87,41.4,85,40.5,82,39,83,39.5,82,39.1,66,31.5,66,31.5
E10000006,Cumbria,381,76.1,365,73,315,63,277,55.4,251,50.2,237,47.4,225,45,210,42,198,39.6,191,38.2,183,36.6,179,35.9,163,32.7,150,30.1
E07000026,Allerdale,39,40.5,36,36.8,31,31.7,22,22.5,22,22.5,19,19.4,19,19.4,20,20.5,20,20.5,18,18.4,18,18.4,18,18.5,17,17.4,17,17.4
E07000027,Barrow-in-Furness,17,25.2,17,25.5,15,22.5,15,22.5,15,22.5,9,13.5,8,12,7,10.4,3,4.5,3,4.5,2,3,2,3,0,0,0,0
E07000028,Carlisle,91,82.5,91,83.9,70,64.5,60,55.3,51,47,49,45.2,50,46.1,41,37.7,39,35.9,35,32.2,33,30.4,31,28.6,28,25.8,26,24
E07000029,Copeland,30,44.7,30,44.1,29,42.6,28,41.2,28,41.2,28,41.2,28,41.2,24,35.2,22,32.3,22,32.3,22,32.3,22,32.2,21,30.7,21,30.7
E07000030,Eden,53,96.4,52,96.7,48,89.3,49,91.2,47,87.4,45,83.7,39,72.6,39,73.2,37,69.5,38,71.4,36,67.6,34,64.3,31,58.6,29,54.8
E07000031,South Lakeland,151,144.3,139,132.5,122,116.3,103,98.2,88,83.9,87,82.9,81,77.2,79,75.2,77,73.3,75,71.4,72,68.5,72,68.9,66,63.1,57,54.5
E11000001,Greater Manchester (Metropolitan County),619,21.6,522,18.3,507,17.8,460,16.2,473,16.6,447,15.7,425,14.9,411,14.5,395,13.9,412,14.5,509,17.9,506,18,465,16.5,446,15.9
E08000001,Bolton,35,11.8,27,9.4,26,9,26,9,24,8.3,24,8.3,24,8.3,21,7.3,18,6.3,24,8.3,31,10.8,31,10.9,28,9.8,26,9.1
E08000002,Bury,40,20.6,26,13.6,23,12.1,22,11.5,23,12.1,22,11.5,17,8.9,17,8.9,17,8.9,17,8.9,24,12.6,24,12.6,20,10.5,20,10.5
E08000003,Manchester,158,28.7,120,21.6,123,22.1,112,20.2,122,22,112,20.2,107,19.3,101,18.3,97,17.5,105,19,136,24.6,131,23.9,129,23.6,119,21.7
E08000004,Oldham,52,21.5,45,18.9,42,17.7,36,15.1,34,14.3,33,13.9,33,13.9,31,13.1,31,13.1,32,13.5,44,18.6,44,18.7,38,16.1,35,14.9
E08000005,Rochdale,39,17.4,34,15.2,34,15.2,33,14.8,31,13.9,27,12.1,22,9.8,25,11.2,26,11.7,33,14.8,36,16.2,36,16.4,29,13.2,30,13.6
E08000006,Salford,96,35.5,81,30.8,79,30.1,74,28.2,75,28.6,76,28.9,76,28.9,73,28.2,74,28.6,74,28.6,90,34.8,95,37.3,89,35,91,35.8
E08000007,Stockport,47,15.9,46,15.6,40,13.6,37,12.6,36,12.2,36,12.2,35,11.9,36,12.3,33,11.2,32,10.9,34,11.6,34,11.7,32,11,28,9.6
E08000008,Tameside,29,12.5,31,13.6,25,11,24,10.6,23,10.1,25,11,25,11,22,9.7,22,9.7,19,8.4,26,11.5,25,11.1,22,9.8,20,8.9
E08000009,Trafford,84,35.7,72,30.3,76,32,58,24.4,64,26.9,52,21.9,44,18.5,45,19,45,19,45,19,51,21.5,51,21.6,49,20.7,49,20.7
E08000010,Wigan,39,11.8,40,12.1,39,11.8,38,11.5,41,12.4,40,12.1,42,12.7,40,12.2,32,9.7,31,9.4,37,11.3,35,10.7,29,8.9,28,8.6
E10000017,Lancashire,499,40.4,497,40.5,463,37.7,438,35.7,428,34.9,409,33.3,382,31.1,357,29.3,335,27.5,328,26.9,300,24.6,282,23.3,257,21.2,239,19.8
E07000117,Burnley,32,33.8,31,34.7,31,34.7,29,32.5,26,29.1,24,26.9,18,20.1,18,20.2,18,20.2,16,18,15,16.9,13,14.7,12,13.6,10,11.3
E07000118,Chorley,48,40.7,49,41.2,52,43.7,48,40.4,49,41.2,46,38.7,43,36.2,40,33.8,40,33.8,40,33.8,37,31.3,34,29.1,33,28.2,32,27.4
E07000119,Fylde,25,30.5,25,30.8,20,24.6,16,19.7,16,19.7,16,19.7,16,19.7,16,19.8,16,19.8,14,17.3,12,14.9,12,15,12,15,10,12.5
E07000120,Hyndburn,30,36.5,21,25.9,24,29.6,22,27.1,22,27.1,21,25.9,24,29.6,23,28.4,23,28.4,23,28.4,19,23.4,15,18.6,11,13.6,8,9.9
E07000121,Lancaster,86,60.5,93,62.8,84,56.7,81,54.7,76,51.3,74,50,73,49.3,65,44.5,65,44.5,62,42.5,57,39,57,39.5,42,29.1,43,29.8
E07000122,Pendle,19,19.8,19,20.6,16,17.4,16,17.4,15,16.3,15,16.3,15,16.3,15,16.3,15,16.3,15,16.3,15,16.3,14,15.3,14,15.3,14,15.3
E07000123,Preston,55,37.3,55,38.2,55,38.2,53,36.8,53,36.8,53,36.8,52,36.1,50,34.9,46,32.1,46,32.1,44,30.7,41,28.9,41,28.9,38,26.8
E07000124,Ribble Valley,33,53.3,30,48.4,28,45.1,28,45.1,28,45.1,28,45.1,26,41.9,21,34.5,16,26.3,18,29.6,18,29.6,18,30,16,26.6,17,28.3
E07000125,Rossendale,20,28.2,20,28,17,23.8,15,21,15,21,15,21,15,21,15,21,15,21,13,18.2,12,16.8,11,15.5,11,15.5,6,8.5
E07000126,South Ribble,56,50.4,63,56.7,51,45.9,50,45,50,45,50,45,49,44.1,44,39.7,39,35.2,38,34.3,29,26.2,26,23.5,25,22.6,25,22.6
E07000127,West Lancashire,54,46.1,53,46.3,55,48,50,43.7,48,41.9,48,41.9,32,27.9,32,28,24,21,25,21.9,24,21,24,21.1,22,19.3,20,17.6
E07000128,Wyre,41,36.5,38,33.6,30,26.5,30,26.5,30,26.5,19,16.8,19,16.8,18,16.1,18,16.1,18,16.1,18,16.1,17,15.3,18,16.2,16,14.4
E11000002,Merseyside (Metropolitan County),320,22.5,310,21.6,283,19.7,284,19.8,269,18.8,260,18.1,246,17.2,231,16.2,203,14.2,200,14,226,15.8,200,14.1,180,12.6,169,11.9
E08000011,Knowsley,25,16.1,25,16.4,24,15.7,24,15.7,23,15.1,20,13.1,18,11.8,11,7.3,9,6,9,6,9,6,8,5.3,7,4.7,7,4.7
E08000012,Liverpool,194,40,190,38,175,35,175,35,172,34.4,168,33.6,165,33,151,30.3,135,27.1,133,26.7,151,30.3,142,28.7,124,25.1,119,24
E08000014,Sefton,36,12.9,30,10.9,28,10.1,30,10.9,26,9.4,26,9.4,23,8.3,30,10.9,19,6.9,19,6.9,19,6.9,17,6.2,17,6.2,13,4.7
E08000013,St. Helens,28,15.3,25,13.8,21,11.6,24,13.3,22,12.1,22,12.1,20,11,20,11.1,20,11.1,20,11.1,27,15,17,9.4,16,8.9,15,8.3
E08000015,Wirral,37,11.5,40,12.3,35,10.8,31,9.6,26,8,24,7.4,20,6.2,19,5.9,20,6.2,19,5.9,20,6.2,16,4.9,16,4.9,15,4.6
E12000003,Yorkshire and the Humber,"1,946",35.5,"1,839",33.3,"1,614",29.2,"1,514",27.4,"1,423",25.7,"1,327",24,"1,156",20.9,"1,127",20.5,"1,056",19.2,996,18.1,951,17.3,900,16.4,775,14.1,664,12.1
E06000011,East Riding of Yorkshire,113,32.9,89,25.9,74,21.6,78,22.7,71,20.7,62,18.1,58,16.9,55,16.1,43,12.6,42,12.3,38,11.1,37,10.9,28,8.2,27,8
E06000010,"Kingston upon Hull, City of",57,21.4,57,22,54,20.8,51,19.7,48,18.5,41,15.8,34,13.1,36,13.9,34,13.1,31,11.9,28,10.8,28,10.7,21,8.1,17,6.5
E06000012,North East Lincolnshire,31,19.7,31,19.5,27,16.9,28,17.6,25,15.7,24,15.1,24,15.1,21,13.2,19,11.9,19,11.9,19,11.9,18,11.3,16,10,17,10.6
E06000013,North Lincolnshire,48,28.2,35,20.3,35,20.3,26,15.1,25,14.5,25,14.5,21,12.2,21,12.2,18,10.4,16,9.3,15,8.7,13,7.6,12,7,14,8.1
E06000014,York,152,75.4,150,71.1,110,52.1,101,47.9,90,42.7,86,40.8,79,37.4,75,35.6,74,35.1,73,34.7,70,33.2,68,32.4,58,27.6,58,27.6
E10000023,North Yorkshire,332,53.6,320,51.6,262,42.2,242,39,225,36.3,216,34.8,177,28.5,174,28.2,159,25.7,157,25.4,142,23,138,22.5,117,19,112,18.2
E07000163,Craven,51,89.3,51,88.9,37,64.5,34,59.3,29,50.6,28,48.8,26,45.3,28,49,20,35,20,35,18,31.5,17,29.9,14,24.6,15,26.4
E07000164,Hambleton,52,57.1,48,52.2,47,51.1,41,44.6,38,41.3,36,39.2,30,32.6,25,27.3,25,27.3,24,26.2,20,21.8,19,20.8,17,18.7,15,16.5
E07000165,Harrogate,82,50,81,50.1,65,40.2,65,40.2,56,34.7,53,32.8,50,31,52,32.3,49,30.5,49,30.5,42,26.1,42,26.2,36,22.4,33,20.6
E07000166,Richmondshire,43,85.4,42,78.2,35,65.1,26,48.4,20,37.2,19,35.4,18,33.5,18,33.5,18,33.5,18,33.5,18,33.5,17,31.9,16,30.1,17,31.9
E07000167,Ryedale,57,103.8,55,98.9,41,73.7,43,77.3,51,91.7,50,89.9,27,48.5,26,46.9,23,41.5,23,41.5,23,41.5,23,41.9,15,27.3,13,23.7
E07000168,Scarborough,35,32.1,31,28.5,26,23.9,22,20.2,20,18.4,19,17.5,20,18.4,20,18.4,20,18.4,20,18.4,18,16.6,17,15.6,16,14.7,16,14.7
E07000169,Selby,12,13,12,13.1,11,12,11,12,11,12,11,12,6,6.5,5,5.5,4,4.4,3,3.3,3,3.3,3,3.4,3,3.4,3,3.4
E11000003,South Yorkshire (Metropolitan County),381,27.7,365,25.8,358,25.3,337,23.8,319,22.5,301,21.3,271,19.2,266,18.9,250,17.7,238,16.9,231,16.4,217,15.5,203,14.5,136,9.7
E08000016,Barnsley,64,26.1,60,24.2,56,22.6,55,22.2,51,20.6,45,18.1,25,10.1,25,10.1,23,9.3,21,8.5,20,8.1,19,7.7,14,5.7,9,3.7
E08000017,Doncaster,76,24.6,73,23.3,68,21.7,70,22.4,65,20.8,57,18.2,55,17.6,52,16.7,51,16.4,47,15.1,45,14.4,45,14.5,43,13.8,34,10.9
E08000018,Rotherham,84,31.6,83,31.3,93,35.1,74,27.9,68,25.7,69,26,67,25.3,68,25.6,64,24.1,61,23,59,22.2,56,21.2,56,21.2,43,16.2
E08000019,Sheffield,157,28.3,149,25.3,141,23.9,138,23.4,135,22.9,130,22.1,124,21,121,20.7,112,19.2,109,18.6,107,18.3,97,16.7,90,15.5,50,8.6
E11000006,West Yorkshire (Metropolitan County),832,35.4,792,33.8,694,29.6,651,27.8,620,26.4,572,24.4,492,21,479,20.5,459,19.7,420,18,408,17.5,381,16.4,320,13.8,283,12.2
E08000032,Bradford,156,28.5,121,22.3,114,21,110,20.3,110,20.3,108,19.9,106,19.6,101,18.7,95,17.6,90,16.7,84,15.6,81,15.1,59,11,48,8.9
E08000033,Calderdale,69,33.4,72,34.1,56,26.5,53,25.1,49,23.2,47,22.2,35,16.6,35,16.6,34,16.1,28,13.2,28,13.2,28,13.3,21,10,19,9
E08000034,Kirklees,84,19.4,87,19.7,75,17,73,16.5,70,15.9,63,14.3,63,14.3,62,14.1,59,13.4,57,13,50,11.4,50,11.4,43,9.8,41,9.3
E08000035,Leeds,412,50.9,418,52.3,363,45.4,340,42.6,324,40.6,289,36.2,227,28.4,220,27.7,212,26.7,189,23.8,195,24.6,172,21.8,152,19.3,141,17.9
E08000036,Wakefield,111,31.4,94,26.7,86,24.5,75,21.3,67,19.1,65,18.5,61,17.3,61,17.5,59,16.9,56,16.1,51,14.6,50,14.5,45,13,34,9.9
E12000004,East Midlands,"1,903",39,"1,842",37.9,"1,718",35.3,"1,627",33.4,"1,550",31.9,"1,413",29,"1,280",26.3,"1,176",24.3,"1,090",22.5,"1,029",21.3,962,19.9,925,19.3,862,17.9,743,15.5
E06000015,Derby,89,34.1,92,35.8,89,34.7,76,29.6,70,27.3,65,25.3,64,24.9,62,24.1,59,22.9,59,22.9,58,22.5,58,22.6,57,22.2,53,20.6
E06000016,Leicester,109,29.8,112,31.6,113,31.9,114,32.2,90,25.4,79,22.3,76,21.5,74,20.9,73,20.6,73,20.6,73,20.6,72,20.3,72,20.3,70,19.7
E06000061,North Northamptonshire (from April 2021),128,35.5,123,35.1,118,33.7,100,28.5,94,26.8,92,26.3,86,24.5,-,-,-,-,-,-,-,-,-,-,-,-,-,-
E06000018,Nottingham,221,69.2,204,60.5,197,58.4,186,55.2,191,56.7,151,44.8,148,43.9,148,44.5,143,43,130,39.1,125,37.5,128,38.7,126,38.1,104,31.4
E06000017,Rutland,21,50.7,22,54.4,22,54.4,22,54.4,22,54.4,19,46.9,17,42,17,42.6,15,37.6,14,35.1,14,35.1,14,35.3,10,25.2,10,25.2
E06000062,West Northamptonshire (from April 2021),166,18.8,157,38.6,108,26.6,107,26.3,93,22.9,82,20.2,69,17,-,-,-,-,-,-,-,-,-,-,-,-,-,-
E10000007,Derbyshire,286,35.9,279,34.6,274,33.9,249,30.8,240,29.7,218,27,184,22.8,169,21.1,149,18.6,138,17.2,124,15.4,113,14.2,101,12.7,79,9.9
E07000032,Amber Valley,27,21.3,22,17.1,22,17.1,23,17.9,23,17.9,15,11.6,15,11.6,11,8.6,11,8.6,12,9.4,10,7.8,10,7.9,7,5.5,6,4.7
E07000033,Bolsover,45,55.9,45,55.3,41,50.4,45,55.3,41,50.4,39,48,35,43,29,36,15,18.6,15,18.6,15,18.6,15,18.9,14,17.6,10,12.6
E07000034,Chesterfield,63,60.8,64,61,61,58.1,62,59.1,59,56.2,55,52.4,31,29.5,31,29.6,29,27.6,29,27.6,31,29.6,29,27.7,29,27.7,20,19.1
E07000035,Derbyshire Dales,45,62.8,45,62.1,47,64.9,38,52.5,37,51.1,36,49.7,36,49.7,34,47,33,45.6,34,47,27,37.3,20,27.8,18,25,17,23.6
E07000036,Erewash,29,25.7,30,26,30,26,21,18.2,21,18.2,21,18.2,20,17.3,20,17.3,18,15.6,16,13.9,13,11.3,13,11.3,9,7.8,8,6.9
E07000037,High Peak,27,29.6,30,32.4,29,31.3,27,29.1,26,28.1,25,27,25,27,24,25.9,24,25.9,14,15.1,10,10.8,8,8.7,7,7.6,6,6.5
E07000038,North East Derbyshire,17,16.6,17,16.6,18,17.6,11,10.8,11,10.8,10,9.8,10,9.8,10,9.9,10,9.9,9,8.9,9,8.9,9,8.9,9,8.9,5,4.9
E07000039,South Derbyshire,33,30.5,26,23.7,26,23.7,22,20.1,22,20.1,17,15.5,12,11,10,9.3,9,8.4,9,8.4,9,8.4,9,8.6,8,7.7,7,6.7
E10000018,Leicestershire,286,40.1,268,37.6,233,32.7,239,33.5,238,33.4,224,31.4,204,28.6,161,22.8,145,20.5,140,19.8,132,18.7,125,17.9,112,16,105,15
E07000129,Blaby,57,55.2,52,51,46,45.1,46,45.1,50,49,48,47.1,34,33.3,26,25.6,26,25.6,22,21.7,21,20.7,23,22.9,23,22.9,23,22.9
E07000130,Charnwood,43,23.5,39,20.7,39,20.7,44,23.4,42,22.3,39,20.7,41,21.8,37,19.9,33,17.8,33,17.8,34,18.3,26,14.2,25,13.7,24,13.1
E07000131,Harborough,52,52.9,50,52.3,36,37.7,37,38.7,37,38.7,37,38.7,32,33.5,32,34.1,32,34.1,32,34.1,29,30.9,28,30.3,23,24.9,17,18.4
E07000132,Hinckley and Bosworth,51,44.9,43,37.8,43,37.8,42,37,42,37,42,37,40,35.2,26,23,25,22.1,25,22.1,22,19.4,22,19.6,20,17.8,20,17.8
E07000133,Melton,8,15.5,9,17.5,9,17.5,10,19.5,10,19.5,8,15.6,8,15.6,8,15.6,8,15.6,7,13.7,7,13.7,7,13.7,4,7.8,4,7.8
E07000134,North West Leicestershire,35,33.3,35,33.4,35,33.4,35,33.4,32,30.5,25,23.9,24,22.9,22,21.2,16,15.4,16,15.4,16,15.4,16,15.7,16,15.7,16,15.7
E07000135,Oadby and Wigston,40,69.3,40,69.8,25,43.6,25,43.6,25,43.6,25,43.6,25,43.6,10,17.5,5,8.8,5,8.8,3,5.3,3,5.3,1,1.8,1,1.8
E10000019,Lincolnshire,281,36.5,282,36.8,272,35.5,257,33.5,253,33,249,32.5,209,27.3,212,27.8,198,26,183,24,160,21,151,20,140,18.5,116,15.3
E07000136,Boston,35,49.4,49,69.2,47,66.3,48,67.8,47,66.3,45,63.5,39,55.1,39,55.6,30,42.8,28,39.9,10,14.3,10,14.4,10,14.4,6,8.6
E07000137,East Lindsey,62,43.4,62,43.7,61,42.9,54,38,56,39.4,52,36.6,48,33.8,47,33.2,47,33.2,47,33.2,46,32.5,41,29.1,36,25.6,33,23.4
E07000138,Lincoln,72,70.4,68,68,71,71,62,62,62,62,64,64,60,60,49,49.3,49,49.3,37,37.3,37,37.3,36,36.3,34,34.3,30,30.3
E07000139,North Kesteven,15,12.7,14,11.8,14,11.8,15,12.7,15,12.7,16,13.5,14,11.8,12,10.3,12,10.3,13,11.1,13,11.1,13,11.2,11,9.5,9,7.8
E07000140,South Holland,22,23,17,17.7,11,11.5,12,12.5,12,12.5,12,12.5,11,11.5,12,12.6,10,10.5,10,10.5,10,10.5,10,10.6,10,10.6,6,6.4
E07000141,South Kesteven,49,34.1,47,32.8,47,32.8,45,31.4,44,30.7,43,30,21,14.7,37,26,37,26,35,24.6,31,21.8,28,19.7,28,19.7,20,14.1
E07000142,West Lindsey,26,27.2,25,26,21,21.8,21,21.8,17,17.7,17,17.7,16,16.6,16,16.7,13,13.6,13,13.6,13,13.6,13,13.7,11,11.6,12,12.6
E10000021,Northamptonshire (abolished April 2021),x,x,x,x,x,x,x,x,x,x,x,x,x,x,146,19.4,131,17.4,133,17.7,117,15.5,114,15.2,104,13.9,99,13.2
E07000150,Corby (abolished April 2021),x,x,x,x,x,x,x,x,x,x,x,x,x,x,33,45.7,33,45.7,35,48.5,33,45.7,30,42.4,26,36.7,26,36.7
E07000151,Daventry (abolished April 2021),x,x,x,x,x,x,x,x,x,x,x,x,x,x,19,22.1,17,19.8,21,24.4,21,24.4,21,24.9,19,22.5,19,22.5
E07000152,East Northamptonshire (abolished April 2021),x,x,x,x,x,x,x,x,x,x,x,x,x,x,20,21.2,19,20.1,19,20.1,18,19,18,19.2,17,18.1,17,18.1
E07000153,Kettering (abolished April 2021),x,x,x,x,x,x,x,x,x,x,x,x,x,x,21,20.6,16,15.7,12,11.8,7,6.9,7,6.9,7,6.9,6,5.9
E07000154,Northampton (abolished April 2021),x,x,x,x,x,x,x,x,x,x,x,x,x,x,17,7.6,17,7.6,17,7.6,17,7.6,17,7.6,16,7.1,15,6.7
E07000155,South Northamptonshire (abolished April 2021),x,x,x,x,x,x,x,x,x,x,x,x,x,x,26,27.5,23,24.3,23,24.3,16,16.9,16,17.3,16,17.3,13,14.1
E07000156,Wellingborough (abolished April 2021),x,x,x,x,x,x,x,x,x,x,x,x,x,x,10,12.5,6,7.5,6,7.5,5,6.3,5,6.3,3,3.8,3,3.8
E10000024,Nottinghamshire,316,38.2,303,36.4,292,35,277,33.2,259,31.1,234,28.1,223,26.8,187,22.6,177,21.4,159,19.2,159,19.2,150,18.2,140,17,107,13
E07000170,Ashfield,50,39.6,30,23.4,31,24.2,29,22.6,23,17.9,23,17.9,21,16.4,21,16.4,18,14.1,18,14.1,18,14.1,17,13.4,18,14.2,8,6.3
E07000171,Bassetlaw,51,43.1,57,48.2,44,37.2,41,34.7,40,33.8,38,32.1,31,26.2,31,26.4,31,26.4,24,20.4,25,21.3,25,21.4,20,17.1,14,12
E07000172,Broxtowe,41,37,41,35.8,41,35.8,40,34.9,34,29.7,34,29.7,34,29.7,30,26.3,30,26.3,28,24.6,28,24.6,28,24.7,27,23.8,27,23.8
E07000173,Gedling,45,38.4,44,37.2,46,38.9,43,36.4,43,36.4,33,27.9,32,27.1,20,17,20,17,18,15.3,18,15.3,18,15.3,17,14.4,14,11.9
E07000174,Mansfield,29,26.2,30,27.4,30,27.4,28,25.6,28,25.6,27,24.7,27,24.7,27,24.7,25,22.9,18,16.5,16,14.6,15,13.8,17,15.6,10,9.2
E07000175,Newark and Sherwood,39,31.6,38,30.9,41,33.3,40,32.5,39,31.7,36,29.2,36,29.2,34,27.8,34,27.8,34,27.8,35,28.6,31,25.5,26,21.4,19,15.6
E07000176,Rushcliffe,61,51.1,63,51.9,59,48.6,56,46.1,52,42.8,43,35.4,42,34.6,24,20.1,19,15.9,19,15.9,19,15.9,16,13.6,15,12.7,15,12.7
E12000005,West Midlands,"2,825",47.4,"2,516",42.2,"2,156",36.2,"2,020",33.9,"1,848",31,"1,723",28.9,"1,591",26.7,"1,319",22.2,"1,215",20.5,"1,141",19.2,"1,030",17.4,984,16.7,891,15.1,815,13.8
E06000019,"Herefordshire, County of",75,40,75,38.7,74,38.2,71,36.7,68,35.1,67,34.6,64,33.1,63,32.7,63,32.7,60,31.1,56,29,56,29.2,53,27.6,47,24.5
E06000051,Shropshire,147,45.3,124,38.1,119,36.6,107,32.9,73,22.4,70,21.5,62,19.1,59,18.3,58,17.9,55,17,55,17,51,15.9,45,14.1,38,11.9
E06000021,Stoke-on-Trent,46,17.8,49,19.1,42,16.4,37,14.4,37,14.4,37,14.4,38,14.8,38,14.8,36,14,33,12.9,29,11.3,28,10.9,21,8.2,24,9.4
E06000020,Telford and Wrekin,37,19.9,37,20.4,32,17.6,33,18.2,31,17.1,30,16.5,30,16.5,26,14.5,25,13.9,24,13.3,24,13.3,23,12.9,17,9.6,13,7.3
E10000028,Staffordshire,304,34.6,300,34,279,31.6,264,29.9,239,27.1,212,24,196,22.2,188,21.4,177,20.1,161,18.3,124,14.1,121,13.8,113,12.9,105,12
E07000192,Cannock Chase,37,36.8,37,36.5,32,31.5,30,29.6,26,25.6,24,23.6,24,23.6,19,18.9,16,15.9,13,12.9,13,12.9,13,13,11,11,9,9
E07000193,East Staffordshire,50,40.2,46,38,45,37.2,40,33.1,32,26.5,20,16.5,21,17.4,20,16.7,19,15.9,17,14.2,15,12.5,15,12.7,14,11.8,12,10.1
E07000194,Lichfield,21,19.6,21,19.9,20,18.9,19,18,17,16.1,17,16.1,16,15.1,17,16.2,15,14.3,15,14.3,15,14.3,15,14.4,14,13.5,12,11.5
E07000195,Newcastle-under-Lyme,49,39.8,47,36.3,47,36.3,46,35.5,46,35.5,41,31.6,40,30.9,39,30.1,38,29.4,26,20.1,25,19.3,25,19.3,25,19.3,25,19.3
E07000196,South Staffordshire,54,48.7,54,48.1,53,47.2,54,48.1,52,46.3,48,42.7,46,40.9,49,43.6,46,40.9,46,40.9,16,14.2,15,13.4,12,10.7,11,9.8
E07000197,Stafford,71,51.7,71,51.5,55,39.9,46,33.4,43,31.2,42,30.5,29,21,28,20.4,27,19.7,28,20.4,27,19.7,25,18.4,26,19.1,26,19.1
E07000198,Staffordshire Moorlands,9,9.4,9,9.1,12,12.2,14,14.2,11,11.2,9,9.1,9,9.1,9,9.1,9,9.1,9,9.1,8,8.1,8,8.1,8,8.1,7,7.1
E07000199,Tamworth,13,16.5,15,19.5,15,19.5,15,19.5,12,15.6,11,14.3,11,14.3,7,9.1,7,9.1,7,9.1,5,6.5,5,6.5,3,3.9,3,3.9
E10000031,Warwickshire,344,57.4,342,58.6,310,53.1,301,51.6,278,47.6,252,43.2,223,38.2,186,32.2,153,26.5,142,24.6,140,24.2,131,22.9,116,20.3,101,17.7
E07000218,North Warwickshire,40,61.2,40,61.1,40,61.1,40,61.1,39,59.6,33,50.4,28,42.8,28,42.9,13,19.9,12,18.4,12,18.4,12,18.5,10,15.4,8,12.3
E07000219,Nuneaton and Bedworth,31,23.1,34,26.1,32,24.5,29,22.2,27,20.7,21,16.1,20,15.3,20,15.4,16,12.3,13,10,13,10,13,10.1,13,10.1,9,7
E07000220,Rugby,79,68.8,73,66,59,53.3,61,55.1,58,52.4,53,47.9,45,40.7,21,19.3,21,19.3,18,16.5,15,13.8,15,14,4,3.7,3,2.8
E07000221,Stratford-on-Avon,105,77.2,105,79.3,91,68.7,91,68.7,83,62.7,77,58.2,77,58.2,71,54.6,62,47.7,59,45.4,60,46.1,58,45.5,57,44.7,52,40.8
E07000222,Warwick,89,59.8,90,62.1,88,60.7,80,55.2,71,49,68,46.9,53,36.6,46,32,41,28.5,40,27.8,40,27.8,33,23.2,32,22.5,29,20.4
E11000005,West Midlands (Metropolitan County),"1,685",57.8,"1,400",47.6,"1,127",38.3,"1,038",35.3,957,32.6,904,30.7,839,28.5,632,21.6,579,19.8,544,18.6,478,16.3,455,15.6,423,14.5,390,13.4
E08000025,Birmingham,429,37.5,389,34.1,326,28.6,248,21.7,194,17,154,13.5,134,11.7,130,11.4,122,10.7,107,9.4,103,9,99,8.7,95,8.3,90,7.9
E08000026,Coventry,903,263,695,183.2,502,132.3,499,131.5,485,127.8,481,126.8,456,120.2,296,79.7,260,70,256,68.9,203,54.6,184,50.2,170,46.3,156,42.5
E08000027,Dudley,98,30.3,50,15.5,44,13.6,42,13,38,11.8,38,11.8,37,11.5,35,10.9,34,10.6,34,10.6,34,10.6,34,10.6,32,10,30,9.4
E08000028,Sandwell,47,13.8,46,14,45,13.7,41,12.5,41,12.5,37,11.2,36,10.9,33,10,30,9.1,28,8.5,29,8.8,29,8.9,29,8.9,23,7
E08000029,Solihull,127,58.6,141,64.8,134,61.6,127,58.4,123,56.6,119,54.7,116,53.3,79,36.5,82,37.9,71,32.8,66,30.5,66,30.7,56,26.1,53,24.7
E08000030,Walsall,30,10.6,27,9.4,26,9.1,27,9.4,24,8.4,24,8.4,21,7.3,22,7.7,20,7,19,6.7,18,6.3,18,6.4,16,5.6,14,4.9
E08000031,Wolverhampton,51,19.3,52,19.7,50,18.9,54,20.4,52,19.7,51,19.3,39,14.7,37,14,31,11.8,29,11,25,9.5,25,9.5,25,9.5,24,9.2
E10000034,Worcestershire,187,30.9,189,31.6,173,28.9,169,28.3,165,27.6,151,25.2,139,23.2,127,21.3,124,20.8,122,20.5,124,20.8,119,20.1,103,17.4,97,16.4
E07000234,Bromsgrove,53,53.3,57,56.7,51,50.7,50,49.7,46,45.7,42,41.8,42,41.8,33,33,33,33,32,32,32,32,32,32.4,32,32.4,31,31.4
E07000235,Malvern Hills,16,20,12,15.1,11,13.8,10,12.6,10,12.6,10,12.6,10,12.6,12,15.2,12,15.2,12,15.2,12,15.2,12,15.4,12,15.4,12,15.4
E07000236,Redditch,20,23,19,22.2,15,17.5,12,14,12,14,12,14,11,12.9,11,12.9,9,10.6,9,10.6,8,9.4,8,9.4,8,9.4,7,8.2
E07000237,Worcester,28,27,29,28.9,27,26.9,30,29.9,30,29.9,29,28.9,20,19.9,20,19.8,20,19.8,20,19.8,19,18.8,19,18.6,19,18.6,18,17.7
E07000238,Wychavon,49,36.8,52,39.7,49,37.4,48,36.6,48,36.6,43,32.8,41,31.3,42,32.4,42,32.4,41,31.7,45,34.8,40,31.4,24,18.8,21,16.5
E07000239,Wyre Forest,21,20.6,20,19.8,20,19.8,19,18.8,19,18.8,15,14.8,15,14.8,9,8.9,8,7.9,8,7.9,8,7.9,8,7.9,8,7.9,8,7.9
E12000006,East of England,"2,380",37.5,"2,269",36.2,"2,083",33.2,"1,887",30.1,"1,789",28.5,"1,667",26.6,"1,569",25,"1,394",22.4,"1,289",20.7,"1,229",19.7,"1,119",17.9,"1,069",17.2,963,15.5,909,14.7
E06000055,Bedford,110,59.2,115,65.8,100,57.2,110,63,105,60.1,102,58.4,87,49.8,63,36.4,50,28.9,48,27.7,38,21.9,36,21,34,19.8,33,19.2
E06000056,Central Bedfordshire,57,19.3,60,20.4,54,18.4,55,18.7,54,18.4,46,15.6,45,15.3,41,14.2,39,13.5,38,13.2,38,13.2,38,13.4,37,13,38,13.4
E06000032,Luton,49,21.8,49,22.9,45,21.1,54,25.3,54,25.3,52,24.4,50,23.4,55,25.8,57,26.8,59,27.7,55,25.8,56,26.2,54,25.2,53,24.8
E06000031,Peterborough,73,33.7,68,33.6,69,34.1,70,34.5,70,34.5,66,32.6,66,32.6,62,30.7,59,29.2,54,26.7,57,28.2,51,25.4,43,21.4,42,20.9
E06000033,Southend-on-Sea,27,15,27,14.8,19,10.4,19,10.4,18,9.8,16,8.8,16,8.8,16,8.7,15,8.2,14,7.6,14,7.6,14,7.7,14,7.7,13,7.1
E06000034,Thurrock,56,31.8,53,30.2,54,30.8,42,23.9,18,10.3,19,10.8,18,10.3,19,10.9,18,10.3,18,10.3,18,10.3,18,10.4,15,8.7,15,8.7
E10000003,Cambridgeshire,251,36.9,247,37.6,194,29.5,194,29.5,190,28.9,172,26.2,169,25.7,131,20,117,17.9,118,18.1,105,16.1,99,15.2,99,15.2,95,14.6
E07000008,Cambridge,82,56.7,76,60.8,58,46.4,59,47.2,56,44.8,56,44.8,51,40.8,34,27.2,32,25.6,32,25.6,32,25.6,32,25.4,28,22.3,28,22.3
E07000009,East Cambridgeshire,22,25,22,24.4,22,24.4,22,24.4,18,20,20,22.2,20,22.2,16,17.8,16,17.8,15,16.7,11,12.2,11,12.3,11,12.3,8,9
E07000010,Fenland,6,5.8,5,4.9,6,5.9,5,4.9,5,4.9,5,4.9,5,4.9,4,3.9,4,3.9,2,2,1,1,1,1,3,3,3,3
E07000011,Huntingdonshire,58,31.9,58,32.4,51,28.5,53,29.6,51,28.5,46,25.7,49,27.4,33,18.5,22,12.4,22,12.4,19,10.7,14,7.9,16,9,16,9
E07000012,South Cambridgeshire,83,50.9,86,53.4,57,35.4,55,34.2,60,37.3,45,28,44,27.3,44,27.7,43,27,47,29.5,42,26.4,41,26,41,26,40,25.4
E10000012,Essex,417,27.7,396,26.4,361,24.1,363,24.2,351,23.4,330,22,305,20.4,275,18.5,260,17.5,224,15,200,13.4,194,13.1,158,10.7,138,9.3
E07000066,Basildon,64,34.1,63,33.6,59,31.5,59,31.5,59,31.5,58,30.9,53,28.3,54,28.8,48,25.6,47,25.1,41,21.9,41,22.1,28,15.1,30,16.1
E07000067,Braintree,83,53.3,79,51.6,75,49,76,49.6,74,48.3,71,46.4,61,39.8,45,29.5,45,29.5,21,13.8,20,13.1,19,12.5,14,9.2,9,5.9
E07000068,Brentwood,7,9.1,3,3.9,3,3.9,4,5.2,7,9.1,7,9.1,7,9.1,5,6.5,3,3.9,3,3.9,3,3.9,2,2.6,1,1.3,1,1.3
E07000069,Castle Point,3,3.3,3,3.3,3,3.3,3,3.3,3,3.3,3,3.3,3,3.3,3,3.3,2,2.2,2,2.2,1,1.1,1,1.1,1,1.1,1,1.1
E07000070,Chelmsford,45,24.8,39,21.7,43,23.9,42,23.4,40,22.3,37,20.6,37,20.6,36,20.2,34,19.1,27,15.1,25,14,25,14.1,22,12.4,20,11.3
E07000071,Colchester,64,33.3,63,31.9,50,25.4,52,26.4,49,24.8,45,22.8,45,22.8,42,21.6,41,21.1,41,21.1,29,14.9,29,15.1,26,13.5,24,12.5
E07000072,Epping Forest,31,23,29,21.9,36,27.2,34,25.7,35,26.5,35,26.5,35,26.5,35,26.6,34,25.8,34,25.8,32,24.3,29,22.1,29,22.1,18,13.7
E07000073,Harlow,13,13.9,13,14.9,10,11.5,12,13.7,12,13.7,12,13.7,8,9.2,8,9.2,8,9.2,4,4.6,4,4.6,4,4.6,3,3.5,3,3.5
E07000074,Maldon,14,21,12,18.3,12,18.3,12,18.3,11,16.8,9,13.8,9,13.8,5,7.7,5,7.7,5,7.7,5,7.7,3,4.7,3,4.7,3,4.7
E07000075,Rochford,23,26.7,21,24,19,21.7,17,19.4,17,19.4,15,17.1,15,17.1,15,17.2,13,14.9,12,13.7,12,13.7,12,13.8,4,4.6,2,2.3
E07000076,Tendring,36,24.2,37,25.1,20,13.6,20,13.6,16,10.9,16,10.9,14,9.5,13,8.9,13,8.9,13,8.9,13,8.9,14,9.6,13,8.9,13,8.9
E07000077,Uttlesford,34,37,34,36.7,31,33.4,32,34.5,28,30.2,22,23.7,18,19.4,14,15.3,14,15.3,15,16.4,15,16.4,15,16.8,14,15.7,14,15.7
E10000015,Hertfordshire,536,44.6,504,42.2,477,39.9,367,30.7,348,29.1,323,27,312,26.1,284,23.9,283,23.8,274,23,230,19.3,221,18.7,192,16.2,182,15.4
E07000095,Broxbourne,43,43.4,38,38.9,30,30.7,32,32.8,32,32.8,18,18.4,10,10.2,7,7.2,7,7.2,7,7.2,6,6.2,7,7.2,6,6.2,6,6.2
E07000096,Dacorum,18,11.6,19,12.2,18,11.6,21,13.5,22,14.2,23,14.8,23,14.8,22,14.2,22,14.2,21,13.6,16,10.3,16,10.4,14,9.1,13,8.4
E07000242,East Hertfordshire,73,48.4,73,48.1,71,46.8,17,11.2,17,11.2,17,11.2,17,11.2,14,9.3,15,10,15,10,15,10,15,10.1,13,8.8,13,8.8
E07000098,Hertsmere,45,41.6,42,39.8,40,37.9,34,32.2,32,30.3,28,26.5,28,26.5,26,24.8,26,24.8,26,24.8,25,23.8,24,23,21,20.2,19,18.2
E07000099,North Hertfordshire,34,25.5,36,27,36,27,31,23.2,28,21,29,21.7,29,21.7,23,17.2,23,17.2,22,16.5,18,13.5,16,12,16,12,15,11.3
E07000240,St Albans,50,33.6,53,35.5,48,32.1,44,29.5,40,26.8,40,26.8,40,26.8,32,21.6,32,21.6,32,21.6,31,20.9,26,17.6,25,17,25,17
E07000243,Stevenage,21,23.5,19,21.6,15,17,16,18.2,15,17,9,10.2,11,12.5,11,12.5,11,12.5,9,10.2,6,6.8,6,6.8,6,6.8,6,6.8
E07000102,Three Rivers,44,46.8,43,45.8,61,64.9,60,63.9,62,66,59,62.8,59,62.8,58,62.1,58,62.1,59,63.2,57,61.1,56,60.2,45,48.4,42,45.1
E07000103,Watford,62,60.5,69,71.4,54,55.9,55,56.9,47,48.6,47,48.6,45,46.6,45,46.6,44,45.6,38,39.3,38,39.3,37,38.2,30,31,30,31
E07000241,Welwyn Hatfield,146,122.1,112,90.4,104,83.9,57,46,53,42.8,53,42.8,50,40.4,46,37.4,45,36.6,45,36.6,18,14.6,18,14.7,16,13,13,10.6
E10000020,Norfolk,442,48.1,419,45.8,397,43.4,341,37.3,320,35,298,32.6,281,30.7,241,26.5,198,21.8,193,21.3,178,19.6,178,19.7,169,18.7,158,17.5
E07000143,Breckland,56,39.4,56,39.6,54,38.2,53,37.5,50,35.4,41,29,33,23.4,28,20,18,12.9,18,12.9,16,11.4,16,11.5,16,11.5,15,10.8
E07000144,Broadland,64,48.4,62,47,61,46.2,22,16.7,20,15.2,20,15.2,19,14.4,18,13.8,15,11.5,17,13,13,9.9,13,10,13,10,12,9.3
E07000145,Great Yarmouth,48,47.9,38,38.3,37,37.3,34,34.3,34,34.3,32,32.3,32,32.3,20,20.1,20,20.1,20,20.1,17,17.1,17,17.1,17,17.1,14,14.1
E07000146,King's Lynn and West Norfolk,58,37.4,59,39,58,38.3,62,41,55,36.4,53,35,53,35,47,31,37,24.4,34,22.5,30,19.8,30,19.8,30,19.8,28,18.4
E07000147,North Norfolk,91,88.1,74,70.4,73,69.4,67,63.7,69,65.6,66,62.8,58,55.2,53,50.6,41,39.1,39,37.2,31,29.6,31,29.7,25,23.9,24,23
E07000148,Norwich,84,58.7,85,59.8,67,47.1,58,40.8,52,36.6,52,36.6,52,36.6,43,30.6,44,31.3,42,29.9,48,34.1,48,34,46,32.6,46,32.6
E07000149,South Norfolk,41,28.8,45,31.5,47,32.9,45,31.5,40,28,34,23.8,34,23.8,32,22.7,23,16.3,23,16.3,23,16.3,23,16.7,22,15.9,19,13.8
E10000029,Suffolk,362,47.4,331,43.5,313,41.1,272,35.7,261,34.3,243,31.9,220,28.9,207,27.2,193,25.3,189,24.8,186,24.4,164,21.6,148,19.5,142,18.7
E07000200,Babergh,44,47.5,44,47.4,32,34.5,30,32.4,29,31.3,23,24.8,19,20.5,19,20.6,19,20.6,16,17.4,16,17.4,16,17.5,15,16.4,13,14.2
E07000244,East Suffolk,92,37.3,86,34.3,82,32.8,74,29.6,67,26.8,62,24.8,51,20.4,50,20,44,17.6,49,19.6,47,18.8,47,18.9,36,14.5,33,13.3
E07000202,Ipswich,56,40.1,54,39.7,57,41.9,53,39,54,39.7,55,40.4,55,40.4,52,38,52,38,49,35.8,49,35.8,48,34.9,48,34.9,48,34.9
E07000203,Mid Suffolk,29,28,27,25.7,28,26.7,21,20,20,19.1,18,17.2,16,15.3,16,15.4,12,11.6,9,8.7,9,8.7,9,8.8,6,5.9,5,4.9
E07000245,West Suffolk,141,78,120,67.7,114,64.3,94,53,91,51.3,85,47.9,79,44.6,70,39.1,66,36.9,66,36.9,65,36.3,44,24.6,43,24,43,24
E12000007,London,"11,521",131,"11,028",122.5,"10,482",116.4,"10,020",111.3,"9,157",101.7,"7,865",87.4,"7,489",83.2,"7,180",80.1,"6,155",68.7,"5,655",63.1,"5,151",57.5,"5,069",56.9,"4,773",53.6,"4,360",48.9
E13000001,Inner London,"7,164",210.3,"6,678",182.4,"6,270",171.3,"5,978",163.3,"5,370",146.7,"4,943",135,"4,740",129.5,"4,523",124.5,"3,705",102,"3,393",93.4,"2,933",80.7,"2,886",80.2,"2,754",76.5,"2,451",68.1
E09000007,Camden,361,171.6,379,135.6,366,130.9,370,132.4,376,134.5,373,133.4,357,127.7,367,135.9,361,133.7,349,129.2,200,74.1,186,70.9,175,66.7,166,63.3
E09000001,City of London,55,638.2,57,521.1,57,521.1,51,466.3,52,475.4,36,329.1,36,329.1,35,360,35,360,36,370.3,36,370.3,36,413.5,36,413.5,36,413.5
E09000012,Hackney,395,151.9,395,140.6,354,126,325,115.7,197,70.1,139,49.5,136,48.4,135,48,134,47.7,130,46.2,128,45.5,128,45.8,127,45.4,126,45.1
E09000013,Hammersmith and Fulham,624,340.4,654,356.3,644,350.9,609,331.8,598,325.8,580,316,554,301.8,528,285.2,386,208.5,374,202,316,170.7,301,162.3,291,156.9,274,147.8
E09000014,Haringey,97,36.7,93,34.9,95,35.7,96,36,95,35.7,92,34.5,89,33.4,84,31.3,82,30.5,59,22,53,19.7,52,19.2,54,20,53,19.6
E09000019,Islington,389,179.5,384,154.8,381,153.6,351,141.5,309,124.5,286,115.3,266,107.2,254,104.8,236,97.3,227,93.6,225,92.8,224,93.7,205,85.7,183,76.5
E09000020,Kensington and Chelsea,752,522.4,654,416.9,643,409.9,651,415,658,419.5,547,348.7,547,348.7,515,329.9,420,269,309,197.9,309,197.9,306,195.9,277,177.3,163,104.4
E09000022,Lambeth,336,105.8,335,104.1,326,101.3,337,104.7,310,96.3,307,95.4,303,94.2,246,75.5,247,75.8,250,76.7,190,58.3,191,58.6,187,57.4,178,54.6
E09000023,Lewisham,195,65,179,58.6,159,52.1,138,45.2,132,43.2,132,43.2,131,42.9,127,41.5,119,38.9,82,26.8,82,26.8,80,26.4,74,24.4,58,19.1
E09000025,Newham,198,56.5,208,58.5,182,51.2,180,50.7,210,59.1,153,43.1,120,33.8,120,34,100,28.3,102,28.9,97,27.5,95,27,95,27,83,23.6
E09000028,Southwark,796,259.8,683,213.4,546,170.6,529,165.3,438,136.9,390,121.9,357,111.6,328,102.9,267,83.7,249,78.1,199,62.4,195,61.5,191,60.2,154,48.5
E09000030,Tower Hamlets,282,90.3,290,87.4,234,70.5,225,67.8,214,64.5,190,57.2,182,54.8,167,51.4,78,24,79,24.3,79,24.3,79,24.9,79,24.9,78,24.6
E09000032,Wandsworth,852,259.5,873,264.8,874,265.1,824,249.9,634,192.3,623,188.9,603,182.9,596,180.8,594,180.2,591,179.3,444,134.7,443,135.7,436,133.5,414,126.8
E09000033,Westminster,"1,832",893.3,"1,494",553.6,"1,409",522.1,"1,292",478.8,"1,147",425.1,1095,405.8,1059,392.4,1021,390.7,646,247.2,556,212.8,575,220,570,223.2,527,206.4,485,190
E13000002,Outer London,"4,357",80.8,"4,350",81.4,"4,212",78.8,"4,042",75.7,"3,787",70.9,"2,922",54.7,"2,749",51.5,"2,657",49.9,"2,450",46,"2,262",42.4,"2,218",41.6,"2,183",41.1,"2,019",38,"1,909",36
E09000002,Barking and Dagenham,68,31.1,68,31.8,64,29.9,66,30.8,66,30.8,64,29.9,64,29.9,64,30.1,60,28.2,57,26.8,57,26.8,60,28.3,52,24.5,52,24.5
E09000003,Barnet,352,90.6,330,82.7,319,79.9,299,74.9,287,71.9,210,52.6,197,49.4,175,44.2,139,35.1,139,35.1,136,34.4,137,34.9,135,34.4,68,17.3
E09000004,Bexley,46,18.7,46,18.5,66,26.5,68,27.3,67,26.9,45,18.1,41,16.4,41,16.5,40,16.1,34,13.7,34,13.7,34,13.8,20,8.1,20,8.1
E09000005,Brent,544,160.5,555,169.3,501,152.9,492,150.1,485,148,237,72.3,203,61.9,236,71.6,233,70.7,211,64,211,64,209,63.2,206,62.3,207,62.6
E09000006,Bromley,104,31.5,104,31.3,87,26.1,91,27.3,90,27,86,25.8,80,24,81,24.4,80,24.1,80,24.1,76,22.9,75,22.7,72,21.7,72,21.7
E09000008,Croydon,246,63,247,63.6,233,60,161,41.4,139,35.8,100,25.7,99,25.5,103,26.6,96,24.8,94,24.3,89,23,86,22.3,61,15.8,62,16.1
E09000009,Ealing,344,94,302,88.7,298,87.6,300,88.1,299,87.9,280,82.3,266,78.2,266,77.8,247,72.3,225,65.8,227,66.4,210,61.4,209,61.1,183,53.5
E09000010,Enfield,209,63.4,209,62.7,194,58.2,175,52.5,163,48.9,125,37.5,105,31.5,77,23.1,54,16.2,37,11.1,39,11.7,39,11.7,38,11.4,33,9.9
E09000011,Greenwich,271,93.7,275,95.1,277,95.8,267,92.4,265,91.7,257,88.9,240,83,245,85.1,240,83.4,230,79.9,189,65.6,188,65.7,175,61.1,176,61.5
E09000015,Harrow,61,23.4,46,18.2,45,17.8,49,19.4,50,19.8,49,19.4,49,19.4,26,10.4,16,6.4,15,6,16,6.4,15,6,15,6,14,5.6
E09000016,Havering,49,18.7,50,19.2,30,11.5,30,11.5,31,11.9,31,11.9,25,9.6,25,9.6,19,7.3,14,5.4,13,5,13,5,11,4.3,11,4.3
E09000017,Hillingdon,168,55.1,188,60.8,180,58.2,198,64.1,201,65,198,64.1,199,64.4,187,60.9,202,65.8,201,65.5,198,64.5,199,65.3,189,62,190,62.3
E09000018,Hounslow,435,151.1,438,161.2,431,158.6,426,156.8,419,154.2,282,103.8,268,98.6,266,98,261,96.1,256,94.3,262,96.5,258,95.3,226,83.5,227,83.8
E09000021,Kingston upon Thames,164,97.7,160,89.3,158,88.2,167,93.2,178,99.4,96,53.6,51,28.5,52,29.3,52,29.3,31,17.5,29,16.3,28,16,28,16,27,15.4
E09000024,Merton,259,120.3,261,126.4,263,127.4,263,127.4,263,127.4,199,96.4,197,95.4,173,83.8,168,81.3,157,76,154,74.6,153,74.2,120,58.2,118,57.2
E09000026,Redbridge,100,32.3,104,34,96,31.4,98,32.1,95,31.1,75,24.5,69,22.6,51,16.7,49,16.1,47,15.4,47,15.4,47,15.5,46,15.1,47,15.5
E09000027,Richmond upon Thames,446,228.4,474,239.2,462,233.2,429,216.5,350,176.6,354,178.7,357,180.2,363,183.3,327,165.1,273,137.9,286,144.4,284,144.2,284,144.2,278,141.2
E09000029,Sutton,159,75.9,158,76.1,169,81.4,158,76.1,128,61.6,51,24.6,55,26.5,55,26.7,52,25.2,49,23.7,48,23.3,49,24,47,23,46,22.5
E09000031,Waltham Forest,332,119.4,335,121,339,122.4,305,110.1,211,76.2,183,66.1,184,66.4,171,61.7,115,41.5,112,40.4,107,38.6,99,35.8,85,30.7,78,28.2
E12000008,South East,"4,804",51.7,"4,562",49.5,"4,057",44,"3,831",41.6,"3,628",39.4,"3,416",37.1,"3,254",35.3,"3,056",33.3,"2,869",31.3,"2,649",28.9,"2,478",27,"2,437",26.7,"2,143",23.5,"1,966",21.5
E06000036,Bracknell Forest,55,43.9,50,40.3,44,35.4,45,36.2,46,37,36,29,34,27.4,34,27.7,32,26.1,30,24.5,28,22.8,28,23,24,19.7,24,19.7
E06000043,Brighton and Hove,400,144.8,353,121,323,110.7,349,119.6,344,117.9,345,118.3,331,113.5,272,93.5,258,88.7,227,78,165,56.7,163,56.1,58,20,59,20.3
E06000046,Isle of Wight,74,52.5,62,43.6,57,40.1,54,37.9,53,37.2,51,35.8,50,35.1,47,33.2,45,31.7,46,32.4,46,32.4,43,30.4,32,22.6,29,20.5
E06000035,Medway,95,33.9,94,33.7,50,17.9,48,17.2,44,15.8,17,6.1,18,6.4,18,6.5,16,5.7,16,5.7,16,5.7,15,5.4,14,5,15,5.4
E06000042,Milton Keynes,444,154.1,438,162.1,343,126.9,379,140.3,371,137.3,372,137.7,364,134.7,358,132.9,327,121.4,292,108.4,285,105.8,282,105,275,102.4,258,96.1
E06000044,Portsmouth,81,39.2,102,47.5,98,45.6,100,46.6,92,42.9,72,33.5,74,34.5,74,34.4,71,33,71,33,65,30.2,64,29.7,62,28.8,59,27.4
E06000038,Reading,111,64.1,115,71.7,101,63,96,59.9,64,39.9,62,38.7,59,36.8,58,35.9,57,35.2,51,31.5,50,30.9,50,30.6,34,20.8,37,22.7
E06000039,Slough,76,48,78,52.1,70,46.8,71,47.5,71,47.5,68,45.5,68,45.5,68,45.5,66,44.1,57,38.1,56,37.4,64,42.9,63,42.3,47,31.5
E06000045,Southampton,89,36,91,36,91,36,92,36.4,87,34.4,87,34.4,74,29.3,72,28.5,71,28.1,71,28.1,66,26.1,66,26.1,63,24.9,58,22.9
E06000037,West Berkshire,143,88.3,132,83.3,125,78.9,123,77.6,116,73.2,108,68.2,104,65.6,102,64.4,98,61.8,98,61.8,97,61.2,97,61.2,83,52.4,78,49.2
E06000040,Windsor and Maidenhead,96,62.4,68,45,58,38.3,47,31.1,40,26.4,40,26.4,39,25.8,33,21.8,33,21.8,32,21.1,31,20.5,31,20.5,29,19.2,29,19.2
E06000041,Wokingham,112,62.9,108,62.1,102,58.6,87,50,85,48.9,70,40.2,63,36.2,61,35.6,56,32.7,53,31,52,30.4,52,31,50,29.8,39,23.2
E06000060,Buckinghamshire,210,37.8,210,38.4,188,34.4,181,33.1,175,32,165,30.2,156,28.5,147,27,139,25.6,135,24.8,135,24.8,129,23.9,115,21.3,106,19.6
E10000011,East Sussex,163,29.8,158,28.3,149,26.7,141,25.2,136,24.3,115,20.6,109,19.5,101,18.1,97,17.4,94,16.9,84,15.1,83,15,77,13.9,59,10.6
E07000061,Eastbourne,32,31.5,32,31,34,32.9,36,34.8,36,34.8,36,34.8,36,34.8,33,31.8,33,31.8,33,31.8,31,29.9,31,30.1,31,30.1,16,15.5
E07000062,Hastings,33,36.3,25,27,25,27,25,27,25,27,15,16.2,14,15.1,13,14,14,15.1,11,11.9,8,8.6,8,8.6,8,8.6,7,7.5
E07000063,Lewes,42,41.9,45,43.5,37,35.7,25,24.1,25,24.1,24,23.2,24,23.2,23,22.3,22,21.3,23,22.3,21,20.3,20,19.5,16,15.6,15,14.6
E07000064,Rother,25,26.8,23,23.8,21,21.7,21,21.7,21,21.7,13,13.4,12,12.4,10,10.4,10,10.4,10,10.4,9,9.4,9,9.4,9,9.4,9,9.4
E07000065,Wealden,31,19.3,33,20.3,32,19.7,34,20.9,29,17.8,27,16.6,23,14.1,22,13.6,18,11.1,17,10.5,15,9.3,15,9.4,13,8.1,12,7.5
E10000014,Hampshire,646,45.9,631,45.4,596,42.9,573,41.2,547,39.4,523,37.6,481,34.6,437,31.6,415,30,380,27.5,373,27,365,26.5,327,23.8,290,21.1
E07000084,Basingstoke and Deane,90,48.5,91,51.2,83,46.7,85,47.8,83,46.7,83,46.7,65,36.6,64,36.2,61,34.5,57,32.3,58,32.8,57,32.4,51,29,45,25.6
E07000085,East Hampshire,40,31.7,40,32.3,38,30.7,38,30.7,37,29.9,37,29.9,31,25,31,25.3,32,26.2,27,22.1,28,22.9,27,22.4,25,20.7,24,19.9
E07000086,Eastleigh,72,52.6,68,50.2,65,48,61,45,58,42.8,58,42.8,57,42.1,29,21.7,29,21.7,27,20.2,26,19.5,25,19,21,15.9,19,14.4
E07000087,Fareham,20,17.4,20,17.2,20,17.2,12,10.3,12,10.3,12,10.3,11,9.5,10,8.6,8,6.9,8,6.9,8,6.9,8,6.9,8,6.9,8,6.9
E07000088,Gosport,17,20.7,17,20.1,17,20.1,17,20.1,17,20.1,11,13,11,13,11,13,11,13,9,10.6,8,9.4,8,9.4,8,9.4,6,7
E07000089,Hart,52,51.8,50,51.2,50,51.2,47,48.2,47,48.2,47,48.2,46,47.1,46,47.4,46,47.4,46,47.4,46,47.4,46,47.8,38,39.5,33,34.3
E07000090,Havant,31,24.9,27,21.4,26,20.6,26,20.6,27,21.4,27,21.4,25,19.8,25,19.8,25,19.8,25,19.8,25,19.8,25,19.9,22,17.5,19,15.1
E07000091,New Forest,101,57.3,103,57.3,94,52.3,93,51.8,85,47.3,80,44.5,76,42.3,80,44.4,74,41.1,63,35,60,33.3,58,32.3,56,31.2,53,29.5
E07000092,Rushmoor,47,47,38,40.3,37,39.2,35,37.1,36,38.1,35,37.1,31,32.8,29,30.7,28,29.6,27,28.5,24,25.4,24,25.2,22,23.1,17,17.9
E07000093,Test Valley,52,39.6,52,40.9,52,40.9,52,40.9,52,40.9,42,33,41,32.2,45,35.7,43,34.1,40,31.7,40,31.7,39,31.2,30,24,20,16
E07000094,Winchester,124,96.9,125,99.3,114,90.5,107,85,93,73.9,91,72.3,87,69.1,67,53.7,58,46.5,51,40.8,50,40,48,38.6,46,37,46,37
E10000016,Kent,687,43.5,624,39.3,511,32.2,482,30.3,455,28.6,425,26.7,405,25.5,378,23.9,352,22.3,306,19.3,295,18.7,289,18.4,271,17.3,247,15.7
E07000105,Ashford,45,33.8,33,25.2,34,26,33,25.2,36,27.5,32,24.4,35,26.7,35,26.9,33,25.4,33,25.4,33,25.4,33,25.5,29,22.4,30,23.2
E07000106,Canterbury,49,31.3,49,29.4,48,28.8,64,38.4,65,39,65,39,65,39,55,33.3,54,32.6,37,22.4,35,21.2,35,21.3,31,18.8,28,17
E07000107,Dartford,86,73.6,84,73.7,77,67.5,56,49.1,41,35.9,35,30.7,40,35.1,40,35.5,34,30.2,21,18.6,20,17.8,19,17.3,19,17.3,17,15.5
E07000108,Dover,82,70.3,83,70,47,39.7,47,39.7,36,30.4,31,26.2,14,11.8,11,9.3,11,9.3,11,9.3,11,9.3,10,8.5,9,7.7,9,7.7
E07000112,Folkestone and Hythe,117,106.3,89,78.5,49,43.2,36,31.8,31,27.4,31,27.4,31,27.4,31,27.4,27,23.9,28,24.8,28,24.8,28,24.9,26,23.1,25,22.2
E07000109,Gravesham,25,23.4,15,14,14,13.1,15,14,15,14,10,9.4,10,9.4,10,9.4,10,9.4,4,3.7,4,3.7,4,3.8,4,3.8,4,3.8
E07000110,Maidstone,68,38.5,67,38.7,64,37,65,37.5,64,37,64,37,61,35.2,58,33.8,56,32.6,52,30.3,47,27.4,47,27.7,47,27.7,37,21.8
E07000111,Sevenoaks,33,27.3,32,26.4,26,21.4,28,23.1,31,25.5,29,23.9,20,16.5,18,14.9,18,14.9,18,14.9,18,14.9,18,15,20,16.6,20,16.6
E07000113,Swale,56,36.8,49,32.4,46,30.5,42,27.8,40,26.5,37,24.5,41,27.1,39,26,35,23.3,33,22,32,21.3,32,21.5,30,20.2,24,16.2
E07000114,Thanet,34,24.2,33,23.3,28,19.8,27,19.1,28,19.8,26,18.4,25,17.7,25,17.6,23,16.2,21,14.8,20,14.1,20,14.1,19,13.4,20,14.1
E07000115,Tonbridge and Malling,43,32.5,38,28.7,31,23.4,24,18.1,24,18.1,20,15.1,19,14.3,20,15.1,17,12.9,14,10.6,14,10.6,12,9.2,12,9.2,12,9.2
E07000116,Tunbridge Wells,49,42.4,52,43.7,47,39.5,45,37.8,44,37,45,37.8,44,37,36,30.3,34,28.6,34,28.6,33,27.8,31,26.3,25,21.2,21,17.8
E10000025,Oxfordshire,536,73.8,497,71.3,462,66.3,331,47.5,322,46.2,310,44.5,303,43.5,294,42.5,256,37,240,34.7,227,32.8,221,32.1,212,30.8,196,28.5
E07000177,Cherwell,138,85.3,138,90.9,135,88.9,109,71.8,102,67.2,97,63.9,95,62.6,86,57.1,64,42.5,52,34.6,42,27.9,40,26.8,38,25.5,30,20.1
E07000178,Oxford,137,85.6,141,93,120,79.2,104,68.6,108,71.2,105,69.3,99,65.3,100,65.6,94,61.7,90,59,93,61,93,60.3,92,59.6,89,57.7
E07000179,South Oxfordshire,74,49.3,72,50.1,66,45.9,42,29.2,42,29.2,45,31.3,46,32,47,33.1,46,32.4,45,31.7,43,30.3,42,29.9,40,28.5,38,27
E07000180,Vale of White Horse,104,74.6,89,64.5,87,63.1,55,39.9,47,34.1,43,31.2,43,31.2,42,30.9,33,24.3,34,25,30,22.1,27,20.2,25,18.7,24,17.9
E07000181,West Oxfordshire,83,72.1,57,51,54,48.3,21,18.8,23,20.6,20,17.9,20,17.9,19,17.2,19,17.2,19,17.2,19,17.2,19,17.3,17,15.5,15,13.7
E10000030,Surrey,475,39.4,447,37.3,433,36.1,391,32.6,349,29.1,339,28.3,325,27.1,308,25.7,298,24.9,274,22.9,257,21.5,249,20.9,220,18.5,209,17.6
E07000207,Elmbridge,62,44.5,63,45.9,54,39.4,42,30.6,36,26.2,38,27.7,36,26.2,38,27.8,37,27,38,27.8,32,23.4,30,22,28,20.5,25,18.3
E07000208,Epsom and Ewell,17,21,18,22.2,18,22.2,18,22.2,17,21,17,21,16,19.8,16,19.8,15,18.6,15,18.6,14,17.4,14,17.5,14,17.5,14,17.5
E07000209,Guildford,83,57.7,82,54.5,92,61.2,67,44.6,60,39.9,58,38.6,58,38.6,52,34.9,44,29.5,36,24.2,33,22.1,33,22.3,27,18.3,30,20.3
E07000210,Mole Valley,35,40,24,27.4,24,27.4,24,27.4,22,25.1,21,24,21,24,21,24.1,21,24.1,17,19.5,17,19.5,17,19.5,12,13.8,11,12.6
E07000211,Reigate and Banstead,32,21.1,32,21.4,29,19.4,29,19.4,29,19.4,29,19.4,29,19.4,27,18.2,27,18.2,19,12.8,18,12.1,18,12.2,18,12.2,16,10.8
E07000212,Runnymede,51,58.1,41,45.4,38,42.1,42,46.5,37,41,36,39.9,30,33.2,25,28,27,30.2,26,29.1,27,30.2,25,28.4,23,26.1,22,25
E07000213,Spelthorne,52,50.5,53,53.1,53,53.1,53,53.1,47,47.1,46,46.1,46,46.1,47,47.1,48,48.1,47,47.1,47,47.1,46,46.3,36,36.2,36,36.2
E07000214,Surrey Heath,35,38.6,37,41.5,34,38.1,31,34.8,31,34.8,26,29.1,26,29.1,22,24.6,21,23.5,21,23.5,18,20.2,17,19.1,15,16.9,14,15.8
E07000215,Tandridge,24,27.2,20,22.6,20,22.6,20,22.6,18,20.3,15,16.9,13,14.7,13,14.8,13,14.8,13,14.8,11,12.5,11,12.6,11,12.6,11,12.6
E07000216,Waverley,61,47.3,55,43.5,50,39.5,42,33.2,33,26.1,34,26.9,32,25.3,29,23,28,22.2,24,19,24,19,24,19.1,23,18.3,18,14.3
E07000217,Woking,23,22.1,22,22,21,21,23,23,19,19,19,19,18,18,18,17.9,17,16.9,18,17.9,16,15.9,14,13.8,13,12.9,12,11.9
E10000032,West Sussex,311,35.1,304,35,256,29.5,241,27.8,231,26.6,211,24.3,197,22.7,194,22.5,182,21.1,176,20.4,150,17.4,146,17,134,15.6,127,14.8
E07000223,Adur,13,20.1,13,20.3,12,18.7,12,18.7,12,18.7,10,15.6,10,15.6,10,15.6,10,15.6,9,14,5,7.8,4,6.3,3,4.7,2,3.1
E07000224,Arun,24,14.5,28,17.4,29,18,29,18,27,16.8,27,16.8,24,14.9,24,14.9,20,12.4,20,12.4,16,10,16,10,16,10,16,10
E07000225,Chichester,67,53.8,68,56,63,51.8,61,50.2,60,49.4,55,45.3,46,37.9,47,38.8,46,38,46,38,45,37.2,42,34.8,41,34,35,29
E07000226,Crawley,56,47.2,57,50.7,57,50.7,50,44.5,52,46.2,41,36.5,41,36.5,40,35.6,35,31.1,30,26.7,30,26.7,30,26.7,24,21.3,27,24
E07000227,Horsham,55,37.3,51,35.1,37,25.4,29,19.9,29,19.9,29,19.9,27,18.6,25,17.4,24,16.7,25,17.4,21,14.6,21,14.8,18,12.7,16,11.3
E07000228,Mid Sussex,72,47.1,66,43.4,36,23.7,36,23.7,36,23.7,36,23.7,35,23,35,23.2,34,22.5,33,21.9,22,14.6,22,14.7,22,14.7,21,14
E07000229,Worthing,24,21.5,21,19,22,19.9,24,21.7,15,13.5,13,11.7,14,12.6,13,11.8,13,11.8,13,11.8,11,9.9,11,10,10,9.1,10,9.1
E12000009,South West,"2,518",44.1,"2,388",42.2,"2,233",39.5,"2,091",36.9,"1,985",35.1,"1,873",33.1,"1,717",30.3,"1,642",29.2,"1,555",27.6,"1,505",26.8,"1,416",25.2,"1,397",24.9,"1,281",22.9,"1,150",20.5
E06000022,Bath and North East Somerset,95,49.4,93,47.4,89,45.3,81,41.3,80,40.7,68,34.6,62,31.6,62,32.1,62,32.1,61,31.6,58,30,56,29.2,50,26,49,25.5
E06000058,"Bournemouth, Christchurch and Poole",115,28.7,108,27.2,99,24.9,88,22.2,85,21.4,82,20.7,77,19.4,73,18.5,74,18.7,72,18.2,70,17.7,70,17.7,63,15.9,58,14.7
E06000023,"Bristol, City of",148,31.4,133,28.5,123,26.4,125,26.8,133,28.5,123,26.4,117,25.1,106,22.9,103,22.2,110,23.7,110,23.7,111,24,117,25.2,119,25.7
E06000052,Cornwall,331,57.9,340,59.3,308,53.7,298,52,285,49.7,276,48.1,248,43.3,242,42.5,227,39.9,219,38.4,205,36,202,35.7,171,30.2,153,27
E06000059,Dorset,144,37.8,141,37.1,136,35.8,133,35,130,34.2,123,32.4,112,29.5,104,27.5,90,23.8,87,23,81,21.4,80,21.2,69,18.3,63,16.7
E06000053,Isles of Scilly,0,0,0,0,0,0,0,0,0,0,0,0,0,0,0,0,0,0,0,0,0,0,0,0,0,0,0,0
E06000024,North Somerset,97,44.6,87,40.4,86,39.9,92,42.7,91,42.2,90,41.7,89,41.3,88,40.9,87,40.5,88,40.9,84,39.1,81,37.9,97,45.3,86,40.2
E06000026,Plymouth,123,46.5,126,47.9,112,42.6,91,34.6,74,28.2,74,28.2,74,28.2,74,28.2,71,27.1,70,26.7,67,25.6,64,24.3,52,19.8,41,15.6
E06000025,South Gloucestershire,169,58.1,168,58.4,164,57,157,54.5,129,44.8,119,41.3,98,34,86,30.2,75,26.3,64,22.4,58,20.3,59,20.9,63,22.3,57,20.2
E06000030,Swindon,110,47.1,88,39.5,77,34.5,75,33.7,62,27.8,47,21.1,45,20.2,46,20.7,42,18.9,43,19.4,42,18.9,41,18.5,26,11.7,23,10.4
E06000027,Torbay,29,20.8,27,19.8,26,19.1,23,16.9,24,17.6,26,19.1,25,18.4,24,17.6,24,17.6,25,18.3,23,16.9,20,14.7,19,14,9,6.6
E06000054,Wiltshire,201,39.1,184,36.5,180,35.7,179,35.5,176,34.9,167,33.1,140,27.8,147,29.4,140,28,120,24,110,22,110,22.1,101,20.3,96,19.3
E10000008,Devon,442,54.3,422,52.1,380,46.9,337,41.6,314,38.7,301,37.1,279,34.4,265,33,248,30.9,243,30.3,222,27.7,221,27.8,189,23.8,174,21.9
E07000040,East Devon,78,51.3,80,54,77,52,77,52,63,42.5,64,43.2,59,39.8,58,39.6,49,33.5,47,32.1,45,30.8,44,30.5,35,24.3,31,21.5
E07000041,Exeter,104,80.4,104,78,84,63,54,40.5,55,41.3,49,36.8,44,33,39,29.7,40,30.4,39,29.7,35,26.6,35,26.8,34,26.1,28,21.5
E07000042,Mid Devon,37,44.5,37,44.4,33,39.6,31,37.2,30,36,27,32.4,27,32.4,26,31.6,23,27.9,22,26.7,16,19.4,16,19.6,16,19.6,15,18.4
E07000043,North Devon,67,67.4,63,64.2,57,58.1,54,55,53,54,51,52,49,49.9,44,45.3,41,42.2,42,43.2,39,40.1,40,41.6,35,36.4,32,33.3
E07000044,South Hams,53,59.4,39,44.3,35,39.8,34,38.7,34,38.7,33,37.5,29,33,29,33.3,29,33.3,28,32.2,28,32.2,28,32.5,26,30.2,23,26.7
E07000045,Teignbridge,43,31.8,40,29.6,36,26.7,32,23.7,27,20,25,18.5,25,18.5,24,17.9,23,17.1,21,15.7,18,13.4,17,12.8,8,6,12,9
E07000046,Torridge,32,46.7,30,43.7,29,42.2,27,39.3,24,34.9,24,34.9,24,34.9,24,35.2,22,32.2,23,33.7,22,32.2,22,32.3,20,29.4,20,29.4
E07000047,West Devon,28,48.7,29,51.7,29,51.7,28,49.9,28,49.9,28,49.9,22,39.2,21,37.6,21,37.6,21,37.6,19,34.1,19,34.2,15,27,13,23.4
E10000013,Gloucestershire,252,39,244,38.1,236,36.8,226,35.3,220,34.3,210,32.8,198,30.9,185,29,184,28.9,181,28.4,170,26.7,169,26.7,157,24.8,136,21.5
E07000078,Cheltenham,30,25.2,31,26.7,32,27.6,34,29.3,35,30.2,34,29.3,33,28.4,36,31,32,27.5,31,26.7,29,24.9,29,24.8,26,22.2,26,22.2
E07000079,Cotswold,86,94.4,84,93.1,76,84.2,73,80.9,66,73.1,59,65.4,50,55.4,39,43.4,42,46.7,41,45.6,38,42.3,38,42.7,38,42.7,33,37.1
E07000080,Forest of Dean,15,17.2,15,17.2,14,16.1,15,17.2,15,17.2,15,17.2,16,18.4,16,18.4,16,18.4,13,15,12,13.8,12,13.9,12,13.9,9,10.4
E07000081,Gloucester,47,35.5,40,30.8,40,30.8,38,29.3,38,29.3,38,29.3,36,27.8,35,27.1,35,27.1,34,26.3,32,24.8,31,24,29,22.4,24,18.6
E07000082,Stroud,47,38.7,44,36.4,43,35.6,36,29.8,43,35.6,43,35.6,42,34.7,37,30.8,39,32.5,42,35,39,32.5,39,32.8,39,32.8,35,29.4
E07000083,Tewkesbury,27,28.3,30,31,31,32.1,30,31,23,23.8,21,21.7,21,21.7,22,23.2,20,21,20,21,20,21,20,21.6,13,14,9,9.7
E10000027,Somerset,262,45.7,227,40.3,217,38.5,186,33,182,32.3,167,29.6,153,27.1,140,24.9,128,22.8,122,21.7,116,20.6,113,20.2,107,19.1,86,15.4
E07000187,Mendip,81,69.7,55,47.3,52,44.7,48,41.3,46,39.6,38,32.7,36,31,33,28.5,31,26.8,30,26,31,26.8,31,27,29,25.2,21,18.3
E07000188,Sedgemoor,51,40.6,42,34,41,33.2,31,25.1,33,26.7,33,26.7,29,23.5,28,22.7,27,21.9,27,21.9,22,17.9,22,17.9,21,17.1,18,14.7
E07000246,Somerset West and Taunton,60,38,63,40.5,63,40.5,54,34.7,51,32.8,47,30.2,40,25.7,38,24.5,35,22.6,33,21.3,32,20.6,32,20.8,29,18.8,27,17.5
E07000189,South Somerset,70,40.4,67,39.7,61,36.2,53,31.4,52,30.8,49,29,48,28.5,41,24.4,35,20.8,32,19,31,18.4,28,16.7,28,16.7,20,11.9
W92000004,Wales,"1,465",47.2,"1,249",39.4,"1,192",37.6,"1,105",34.9,"1,055",33.3,994,31.4,916,28.9,851,27,804,25.5,675,21.4,648,20.6,623,19.8,569,18.1,529,16.9
W06000001,Isle of Anglesey,65,94.3,56,79.5,55,78.1,61,86.6,58,82.3,55,78.1,54,76.7,52,74.2,47,67.1,46,65.7,43,61.4,40,57.2,35,50,35,50
W06000002,Gwynedd,112,95.7,115,91.9,99,79.1,93,74.3,90,71.9,81,64.7,73,58.3,65,52.2,62,49.8,61,49,60,48.2,59,47.5,58,46.7,56,45.1
W06000003,Conwy,54,47,54,45.7,49,41.5,46,38.9,46,38.9,45,38.1,34,28.8,34,29,32,27.3,32,27.3,30,25.6,27,23,21,17.9,21,17.9
W06000004,Denbighshire,47,48.9,30,31,29,30,19,19.7,19,19.7,19,19.7,19,19.7,16,16.7,16,16.7,14,14.6,14,14.6,12,12.6,11,11.5,10,10.5
W06000005,Flintshire,44,28.4,30,19.1,38,24.2,36,23,34,21.7,34,21.7,30,19.1,22,14.1,18,11.5,18,11.5,15,9.6,15,9.6,15,9.6,13,8.4
W06000006,Wrexham,42,31.1,38,27.9,39,28.7,36,26.5,34,25,35,25.7,30,22,29,21.3,25,18.4,25,18.4,22,16.2,22,16.2,13,9.5,13,9.5
W06000023,Powys,121,90.6,113,84.9,92,69.2,94,70.7,90,67.7,89,66.9,84,63.1,84,63.4,83,62.7,80,60.4,69,52.1,66,49.8,60,45.3,60,45.3
W06000008,Ceredigion,49,69.3,49,67.2,48,65.8,48,65.8,45,61.7,42,57.6,34,46.6,33,45.4,29,39.9,30,41.3,30,41.3,30,41.1,30,41.1,28,38.4
W06000009,Pembrokeshire,158,127.8,126,99.4,115,90.7,108,85.2,108,85.2,108,85.2,104,82.1,96,76.3,95,75.5,80,63.6,79,62.8,78,62.4,73,58.4,68,54.4
W06000010,Carmarthenshire,95,50.5,92,48.4,115,60.5,87,45.8,85,44.7,74,38.9,66,34.7,60,31.8,60,31.8,36,19.1,37,19.6,37,19.7,32,17.1,28,14.9
W06000011,Swansea,118,49.6,94,38.1,96,38.9,74,30,63,25.6,57,23.1,53,21.5,51,20.6,51,20.6,39,15.8,37,15,32,13,25,10.1,24,9.7
W06000012,Neath Port Talbot,18,12.7,16,11.1,14,9.7,12,8.3,12,8.3,12,8.3,12,8.3,11,7.7,10,7,8,5.6,7,4.9,7,4.9,9,6.3,8,5.6
W06000013,Bridgend,40,27.4,32,21.7,32,21.7,32,21.7,32,21.7,27,18.3,23,15.6,22,15,22,15,21,14.3,21,14.3,21,14.5,21,14.5,19,13.1
W06000014,The Vale of Glamorgan,38,28.7,36,26.6,36,26.6,32,23.7,26,19.2,26,19.2,18,13.3,18,13.5,14,10.5,14,10.5,14,10.5,11,8.3,7,5.3,7,5.3
W06000015,Cardiff,100,27.8,89,24.1,86,23.3,84,22.8,79,21.4,75,20.3,78,21.1,57,15.5,55,15,52,14.2,51,13.9,51,14,50,13.7,45,12.4
W06000016,Rhondda Cynon Taf,35,14.7,32,13.2,26,10.7,26,10.7,20,8.3,18,7.4,14,5.8,13,5.4,13,5.4,13,5.4,16,6.6,16,6.7,11,4.6,8,3.3
W06000024,Merthyr Tydfil,19,32.3,10,16.5,8,13.2,8,13.2,8,13.2,7,11.6,8,13.2,8,13.3,8,13.3,8,13.3,8,13.3,8,13.3,7,11.6,5,8.3
W06000018,Caerphilly,51,29,47,25.9,38,20.9,36,19.8,39,21.5,39,21.5,39,21.5,38,21,29,16,16,8.8,14,7.7,12,6.6,11,6.1,7,3.9
W06000019,Blaenau Gwent,68,101.5,32,45.7,20,28.6,18,25.7,18,25.7,18,25.7,18,25.7,16,22.9,16,22.9,8,11.5,8,11.5,8,11.5,8,11.5,5,7.2
W06000020,Torfaen,29,31.4,30,31.6,30,31.6,29,30.6,29,30.6,28,29.5,27,28.5,27,28.7,27,28.7,8,8.5,8,8.5,8,8.6,8,8.6,7,7.5
W06000021,Monmouthshire,55,59,56,58.8,55,57.8,52,54.6,53,55.7,53,55.7,49,51.5,50,52.9,44,46.5,38,40.2,37,39.1,35,37.2,35,37.2,35,37.2
W06000022,Newport,107,67,72,46,72,46,74,47.3,67,42.8,52,33.2,49,31.3,49,31.7,48,31,28,18.1,28,18.1,28,18.3,29,18.9,27,17.6
S92000003,Scotland,"3,758",68.6,"3,272",59.9,"2,989",54.7,"2,953",54,"2,816",51.5,"2,676",49,"2,565",46.9,"2,351",43,"2,192",40.1,"2,038",37.3,"1,910",35,"2,040",37.5,"1,922",35.3,"1,743",32.1
S12000033,Aberdeen City,130,57.2,115,50.2,103,45,100,43.7,103,45,99,43.2,103,45,104,45.5,97,42.4,91,39.8,91,39.8,96,42.2,83,36.5,77,32.1
S12000034,Aberdeenshire,140,53.3,122,46.8,121,46.4,122,46.8,117,44.9,106,40.6,108,41.4,102,39,98,37.5,81,31,76,29.1,80,30.6,73,27.9,71,24.9
S12000041,Angus,76,65.4,69,59.6,78,67.3,78,67.3,77,66.5,75,64.8,76,65.6,71,61.1,61,52.5,60,51.6,60,51.6,66,56.9,59,50.8,54,46.5
S12000035,Argyll & Bute,111,128.7,100,117.1,91,106.5,91,106.5,86,100.7,86,100.7,82,96,78,90.8,70,81.5,69,80.4,65,75.7,64,74.2,49,56.8,46,51
S12000036,City of Edinburgh,293,55.7,257,48.7,180,34.1,181,34.3,178,33.7,146,27.7,128,24.3,125,23.8,117,22.3,117,22.3,113,21.5,124,23.9,120,23.1,112,20.8
S12000005,Clackmannanshire,36,69.8,29,56.5,24,46.8,22,42.9,22,42.9,23,44.8,23,44.8,20,38.8,20,38.8,19,36.9,19,36.9,22,42.8,19,37,17,33.1
S12000006,Dumfries & Galloway,175,117.6,126,85,113,76.2,113,76.2,102,68.8,102,68.8,101,68.1,90,60.5,86,57.8,81,54.4,76,51.1,76,51.1,70,47,58,30.9
S12000042,Dundee City,161,109,138,92.7,130,87.4,130,87.4,130,87.4,127,85.3,123,82.7,119,79.7,109,73,103,69,101,67.6,116,78,111,74.6,101,60.5
S12000008,East Ayrshire,81,66.4,72,59.2,73,60,74,60.9,74,60.9,67,55.1,65,53.5,61,50,55,45.1,44,36.1,43,35.2,45,36.9,40,32.8,32,17.2
S12000045,East Dunbartonshire,28,25.7,27,24.8,25,23,27,24.8,25,23,25,23,25,23,24,22.1,24,22.1,24,22.1,24,22.1,26,24,23,21.2,20,12
S12000010,East Lothian,171,156.1,173,160.3,157,145.5,151,139.9,128,118.6,123,114,121,112.1,109,101.8,108,100.8,103,96.2,67,62.6,65,61.4,57,53.9,56,47.3
S12000011,East Renfrewshire,27,28,26,27.1,27,28.1,27,28.1,24,25,24,25,25,26,25,26.2,23,24.1,23,24.1,21,22,24,25.2,24,25.2,23,22.1
S12000014,Falkirk,77,47.9,58,36.1,55,34.3,55,34.3,54,33.6,53,33,51,31.8,48,29.8,43,26.7,41,25.5,37,23,27,16.8,26,16.2,23,12.5
S12000047,Fife,164,43.8,147,39.3,122,32.6,120,32.1,117,31.3,114,30.5,112,29.9,105,28.1,93,24.9,93,24.9,93,24.9,100,26.9,94,25.3,89,20.7
S12000049,Glasgow City,340,53.5,296,46.6,277,43.6,278,43.7,240,37.8,203,31.9,199,31.3,197,31.1,188,29.7,189,29.9,174,27.5,169,27,165,26.3,140,19
S12000017,Highland,313,131.5,274,116.4,256,108.7,245,104.1,231,98.1,224,95.1,211,89.6,186,78.9,185,78.4,152,64.5,141,59.8,143,60.7,128,54.3,125,44.6
S12000018,Inverclyde,35,45.6,33,42.8,36,46.7,36,46.7,34,44.1,34,44.1,32,41.5,24,30.8,22,28.3,22,28.3,22,28.3,19,24.3,19,24.3,17,24.3
S12000019,Midlothian,70,73.9,66,70.9,63,67.6,63,67.6,60,64.4,60,64.4,60,64.4,51,55.2,42,45.4,38,41.1,34,36.8,36,39.4,38,41.6,37,35
S12000020,Moray,67,69.5,60,62.7,54,56.4,53,55.4,48,50.2,46,48.1,36,37.6,33,34.4,33,34.4,32,33.4,32,33.4,31,32.5,32,33.5,30,29.3
S12000013,Na h-Eileanan Siar,47,176.4,29,109.4,29,109.4,28,105.7,28,105.7,28,105.7,27,101.9,26,97.3,25,93.6,24,89.8,24,89.8,30,111.8,30,111.8,30,100.6
S12000021,North Ayrshire,64,47.7,58,43.2,54,40.2,54,40.2,53,39.5,50,37.2,50,37.2,48,35.6,42,31.2,39,28.9,39,28.9,40,29.6,38,28.1,35,22.2
S12000050,North Lanarkshire,181,53,178,52.2,173,50.7,170,49.8,168,49.2,165,48.4,151,44.3,124,36.3,102,29.9,84,24.6,74,21.7,77,22.6,77,22.6,62,16.2
S12000023,Orkney Islands,50,221.8,48,214.3,41,183,41,183,40,178.6,40,178.6,36,160.7,32,143.7,32,143.7,32,143.7,29,130.2,35,157.7,34,153.2,24,108.2
S12000048,Perth & Kinross,172,111.8,149,98.1,134,88.2,131,86.2,129,84.9,121,79.7,117,77,106,69.8,104,68.4,100,65.8,95,62.5,100,66.1,96,63.5,92,51.6
S12000038,Renfrewshire,115,63.9,75,41.8,67,37.3,71,39.6,71,39.6,71,39.6,71,39.6,68,38,65,36.3,63,35.2,56,31.3,57,32.1,49,27.6,50,23.6
S12000026,Scottish Borders,74,63.8,64,55.5,57,49.5,58,50.3,56,48.6,51,44.3,49,42.5,50,43.3,48,41.6,41,35.5,41,35.5,44,38.2,47,40.8,42,36.4
S12000027,Shetland Islands,30,130.8,21,91.8,21,91.8,21,91.8,21,91.8,21,91.8,20,87.5,19,82.9,17,74.2,17,74.2,17,74.2,14,60.9,10,43.5,10,73.9
S12000028,South Ayrshire,75,66.7,67,59.7,62,55.3,59,52.6,58,51.7,57,50.8,54,48.2,49,43.5,45,40,39,34.6,38,33.7,45,40,46,40.9,45,30.2
S12000029,South Lanarkshire,192,59.5,182,56.7,160,49.9,151,47.1,150,46.8,148,46.1,142,44.3,117,36.5,101,31.5,82,25.6,79,24.6,137,42.9,140,43.9,120,36.4
S12000030,Stirling,148,158.3,124,131.8,126,133.9,124,131.8,119,126.5,115,122.2,97,103.1,71,75.4,69,73.2,68,72.2,66,70.1,65,68.9,63,66.8,52,56.2
S12000039,West Dunbartonshire,43,49,36,40.8,32,36.2,32,36.2,26,29.4,26,29.4,24,27.2,24,27,24,27,24,27,24,27,26,29.2,25,28,19,21.3
S12000040,West Lothian,72,38.8,53,28.8,48,26.1,47,25.6,47,25.6,46,25,46,25,45,24.6,44,24,43,23.5,39,21.3,41,22.5,37,20.3,34,18.7
N92000002,Northern Ireland,366,19.2,342,18,328,17.3,348,18.4,345,18.2,332,17.5,330,17.4,327,17.3,320,16.9,318,16.8,312,16.5,305,16.2,295,15.7,295,15.7
N09000001,Antrim and Newtownabbey,37,25.4,41,28.5,32,22.3,39,27.1,39,27.1,37,25.7,37,25.7,36,25.1,36,25.1,34,23.7,34,23.7,33,23.2,33,23.2,33,23.2
N09000011,Ards and North Down,19,11.6,18,11.1,19,11.7,20,12.3,21,13,19,11.7,19,11.7,18,11.1,18,11.1,17,10.5,17,10.5,17,10.6,17,10.6,17,10.6
N09000002,"Armagh City, Banbridge and Craigavon",39,17.8,32,14.7,33,15.2,35,16.1,34,15.7,31,14.3,31,14.3,30,13.9,30,13.9,30,13.9,30,13.9,30,14,30,14,30,14
N09000003,Belfast,81,23.5,67,19.6,51,14.9,55,16.1,53,15.5,53,15.5,52,15.2,53,15.4,51,14.8,49,14.3,47,13.7,47,13.7,42,12.3,42,12
N09000004,Causeway Coast and Glens,32,22.6,31,21.4,32,22.1,34,23.5,33,22.8,31,21.4,28,19.3,29,20,29,20,32,22.1,28,19.3,27,18.7,23,15.9,23,17.3
N09000005,Derry City and Strabane,26,17.2,25,16.5,27,17.9,27,17.9,27,17.9,27,17.9,26,17.2,26,17.2,27,17.8,27,17.8,27,17.8,24,15.9,23,15.3,23,17.3
N09000006,Fermanagh and Omagh,35,29.9,31,26.4,35,29.8,38,32.4,39,33.2,38,32.4,38,32.4,38,32.4,38,32.4,38,32.4,38,32.4,38,32.5,38,32.5,38,32.5
N09000007,Lisburn and Castlereagh,15,10,13,8.9,17,11.6,16,10.9,16,10.9,17,11.6,16,10.9,16,11,11,7.5,11,7.5,11,7.5,11,7.6,11,7.6,11,7.6
N09000008,Mid and East Antrim,27,19.4,26,18.6,25,17.9,25,17.9,25,17.9,24,17.2,28,20.1,27,19.4,27,19.4,27,19.4,27,19.4,25,18,25,18,24,18.7
N09000009,Mid Ulster,25,16.6,24,16.1,23,15.4,24,16.1,24,16.1,24,16.1,24,16.1,23,15.5,22,14.8,22,14.8,22,14.8,22,14.9,22,14.9,23,14.9
N09000010,"Newry, Mourne and Down",30,16.5,34,18.7,34,18.7,35,19.3,34,18.7,31,17.1,31,17.1,31,17.1,31,17.1,31,17.1,31,17.1,31,17.2,31,17.2,31,16.7